{
  "Frontpage logged-0" : {
    "transaction" : "Frontpage logged-0",
    "sampleCount" : 317,
    "errorCount" : 0,
    "errorPct" : 0.0,
    "meanResTime" : 34.56151419558362,
    "medianResTime" : 34.0,
    "minResTime" : 20.0,
    "maxResTime" : 56.0,
    "pct1ResTime" : 43.0,
    "pct2ResTime" : 46.0,
    "pct3ResTime" : 50.81999999999999,
    "throughput" : 0.17301585742183448,
    "receivedKBytesPerSec" : 0.31866006552498033,
    "sentKBytesPerSec" : 0.03497488524054662
  },
  "View a forum activity" : {
    "transaction" : "View a forum activity",
    "sampleCount" : 200,
    "errorCount" : 0,
    "errorPct" : 0.0,
    "meanResTime" : 249.68999999999988,
    "medianResTime" : 247.0,
    "minResTime" : 213.0,
    "maxResTime" : 373.0,
    "pct1ResTime" : 273.0,
    "pct2ResTime" : 278.9,
    "pct3ResTime" : 299.98,
    "throughput" : 0.22154650538081075,
    "receivedKBytesPerSec" : 356.4153279978704,
    "sentKBytesPerSec" : 0.05041048413450088
  },
  "View course again" : {
    "transaction" : "View course again",
    "sampleCount" : 200,
    "errorCount" : 0,
    "errorPct" : 0.0,
    "meanResTime" : 253.69500000000005,
    "medianResTime" : 252.0,
    "minResTime" : 225.0,
    "maxResTime" : 311.0,
    "pct1ResTime" : 269.0,
    "pct2ResTime" : 281.0,
    "pct3ResTime" : 310.98,
    "throughput" : 0.22153546228912593,
    "receivedKBytesPerSec" : 389.80850228008455,
    "sentKBytesPerSec" : 0.04910991205042147
  },
  "Frontpage logged-1" : {
    "transaction" : "Frontpage logged-1",
    "sampleCount" : 317,
    "errorCount" : 0,
    "errorPct" : 0.0,
    "meanResTime" : 124.63406940063093,
    "medianResTime" : 120.0,
    "minResTime" : 93.0,
    "maxResTime" : 356.0,
    "pct1ResTime" : 135.2,
    "pct2ResTime" : 143.19999999999993,
    "pct3ResTime" : 328.82,
    "throughput" : 0.17300575394215714,
    "receivedKBytesPerSec" : 36.89110265466278,
    "sentKBytesPerSec" : 0.035479695632668944
  },
  "Frontpage logged" : {
    "transaction" : "Frontpage logged",
    "sampleCount" : 317,
    "errorCount" : 0,
    "errorPct" : 0.0,
    "meanResTime" : 159.3785488958992,
    "medianResTime" : 155.0,
    "minResTime" : 120.0,
    "maxResTime" : 392.0,
    "pct1ResTime" : 171.2,
    "pct2ResTime" : 183.0,
    "pct3ResTime" : 361.28,
    "throughput" : 0.17300301581913383,
    "receivedKBytesPerSec" : 37.20915520140798,
    "sentKBytesPerSec" : 0.07045142343415899
  },
  "View login page" : {
    "transaction" : "View login page",
    "sampleCount" : 400,
    "errorCount" : 0,
    "errorPct" : 0.0,
    "meanResTime" : 39.75249999999998,
    "medianResTime" : 39.0,
    "minResTime" : 26.0,
    "maxResTime" : 59.0,
    "pct1ResTime" : 49.0,
    "pct2ResTime" : 51.94999999999999,
    "pct3ResTime" : 56.0,
    "throughput" : 0.21951716102845983,
    "receivedKBytesPerSec" : 4.390422538293397,
    "sentKBytesPerSec" : 0.04759063451984188
  },
  "Fill a form to reply a forum discussion" : {
    "transaction" : "Fill a form to reply a forum discussion",
    "sampleCount" : 200,
    "errorCount" : 0,
    "errorPct" : 0.0,
    "meanResTime" : 202.29999999999998,
    "medianResTime" : 207.5,
    "minResTime" : 125.0,
    "maxResTime" : 342.0,
    "pct1ResTime" : 254.9,
    "pct2ResTime" : 259.95,
    "pct3ResTime" : 278.99,
    "throughput" : 0.22156540389157475,
    "receivedKBytesPerSec" : 69.90936996977294,
    "sentKBytesPerSec" : 0.05106390167813637
  },
  "View a forum discussion" : {
    "transaction" : "View a forum discussion",
    "sampleCount" : 200,
    "errorCount" : 0,
    "errorPct" : 0.0,
    "meanResTime" : 187.72,
    "medianResTime" : 187.5,
    "minResTime" : 105.0,
    "maxResTime" : 281.0,
    "pct1ResTime" : 247.9,
    "pct2ResTime" : 255.79999999999995,
    "pct3ResTime" : 265.93000000000006,
    "throughput" : 0.22151362474927427,
    "receivedKBytesPerSec" : 123.768783360298,
    "sentKBytesPerSec" : 0.05061932440559588
  },
  "View course participants" : {
    "transaction" : "View course participants",
    "sampleCount" : 200,
    "errorCount" : 0,
    "errorPct" : 0.0,
    "meanResTime" : 127.32500000000003,
    "medianResTime" : 127.0,
    "minResTime" : 94.0,
    "maxResTime" : 209.0,
    "pct1ResTime" : 142.0,
    "pct2ResTime" : 149.95,
    "pct3ResTime" : 162.96000000000004,
    "throughput" : 0.22156761301886982,
    "receivedKBytesPerSec" : 42.0295013035792,
    "sentKBytesPerSec" : 0.04890066459205525
  },
  "Login" : {
    "transaction" : "Login",
    "sampleCount" : 353,
    "errorCount" : 0,
    "errorPct" : 0.0,
    "meanResTime" : 229.40793201133164,
    "medianResTime" : 224.0,
    "minResTime" : 174.0,
    "maxResTime" : 377.0,
    "pct1ResTime" : 265.6,
    "pct2ResTime" : 276.90000000000003,
    "pct3ResTime" : 301.0,
    "throughput" : 0.19213320655081703,
    "receivedKBytesPerSec" : 41.785608903060904,
    "sentKBytesPerSec" : 0.18149038167152623
  },
  "Login-0" : {
    "transaction" : "Login-0",
    "sampleCount" : 353,
    "errorCount" : 0,
    "errorPct" : 0.0,
    "meanResTime" : 72.66855524079321,
    "medianResTime" : 72.0,
    "minResTime" : 51.0,
    "maxResTime" : 99.0,
    "pct1ResTime" : 84.60000000000002,
    "pct2ResTime" : 87.0,
    "pct3ResTime" : 96.37999999999994,
    "throughput" : 0.1921503584720073,
    "receivedKBytesPerSec" : 0.4363511846164858,
    "sentKBytesPerSec" : 0.07615059382897965
  },
  "Login-1" : {
    "transaction" : "Login-1",
    "sampleCount" : 353,
    "errorCount" : 0,
    "errorPct" : 0.0,
    "meanResTime" : 20.045325779036823,
    "medianResTime" : 20.0,
    "minResTime" : 15.0,
    "maxResTime" : 29.0,
    "pct1ResTime" : 23.0,
    "pct2ResTime" : 25.0,
    "pct3ResTime" : 27.0,
    "throughput" : 0.19215726193865448,
    "receivedKBytesPerSec" : 0.35504056600384204,
    "sentKBytesPerSec" : 0.06595252385362951
  },
  "Logout-1" : {
    "transaction" : "Logout-1",
    "sampleCount" : 300,
    "errorCount" : 0,
    "errorPct" : 0.0,
    "meanResTime" : 64.7266666666667,
    "medianResTime" : 63.5,
    "minResTime" : 48.0,
    "maxResTime" : 89.0,
    "pct1ResTime" : 76.0,
    "pct2ResTime" : 80.0,
    "pct3ResTime" : 85.99000000000001,
    "throughput" : 0.1785822710664576,
    "receivedKBytesPerSec" : 4.738010879231954,
    "sentKBytesPerSec" : 0.03610012706128587
  },
  "Login-2" : {
    "transaction" : "Login-2",
    "sampleCount" : 353,
    "errorCount" : 0,
    "errorPct" : 0.0,
    "meanResTime" : 136.0538243626062,
    "medianResTime" : 132.0,
    "minResTime" : 98.0,
    "maxResTime" : 263.0,
    "pct1ResTime" : 167.0,
    "pct2ResTime" : 175.3,
    "pct3ResTime" : 194.37999999999994,
    "throughput" : 0.1921451289032541,
    "receivedKBytesPerSec" : 40.996844348803556,
    "sentKBytesPerSec" : 0.03940476276336266
  },
  "Logout-0" : {
    "transaction" : "Logout-0",
    "sampleCount" : 300,
    "errorCount" : 0,
    "errorPct" : 0.0,
    "meanResTime" : 38.78333333333335,
    "medianResTime" : 38.0,
    "minResTime" : 24.0,
    "maxResTime" : 59.0,
    "pct1ResTime" : 48.0,
    "pct2ResTime" : 51.0,
    "pct3ResTime" : 54.99000000000001,
    "throughput" : 0.17858333412703706,
    "receivedKBytesPerSec" : 0.34269165191369905,
    "sentKBytesPerSec" : 0.06218443766786834
  },
  "View course once more" : {
    "transaction" : "View course once more",
    "sampleCount" : 200,
    "errorCount" : 0,
    "errorPct" : 0.0,
    "meanResTime" : 249.00999999999996,
    "medianResTime" : 248.0,
    "minResTime" : 218.0,
    "maxResTime" : 311.0,
    "pct1ResTime" : 266.0,
    "pct2ResTime" : 271.0,
    "pct3ResTime" : 307.98,
    "throughput" : 0.22155509521330216,
    "receivedKBytesPerSec" : 389.842452907426,
    "sentKBytesPerSec" : 0.04911426427091757
  },
  "View a page activity" : {
    "transaction" : "View a page activity",
    "sampleCount" : 201,
    "errorCount" : 0,
    "errorPct" : 0.0,
    "meanResTime" : 119.07960199004974,
    "medianResTime" : 119.0,
    "minResTime" : 87.0,
    "maxResTime" : 150.0,
    "pct1ResTime" : 134.8,